name,year,rate,id
Polk County,2020,4635.55747,19153
Scott County,2020,2081.126109,19163
Linn County,2020,1749.591656,19113
Johnson County,2020,1367.787617,19103
Black Hawk County,2020,1245.153342,19013
Story County,2020,946.8482896,19169
Dallas County,2020,938.9743727,19049
Dubuque County,2020,875.3366344,19061
Woodbury County,2020,657.9609304,19193
Pottawattamie County,2020,550.1595895,19155
Muscatine County,2020,539.7482089,19139
Des Moines County,2020,516.5309018,19057
Warren County,2020,515.2702372,19181
Wapello County,2020,462.1464331,19179
Cerro Gordo County,2020,399.9814284,19033
Marshall County,2020,385.6623458,19127
Clinton County,2020,362.2357944,19045
Lee County,2020,358.2417968,19111
Marion County,2020,329.9919726,19125
Bremer County,2020,306.2804235,19017
Jasper County,2020,287.612905,19099
Webster County,2020,280.3035835,19187
Henry County,2020,267.0922982,19087
Boone County,2020,256.7631671,19015
Sioux County,2020,248.7652357,19167
Dickinson County,2020,231.4843797,19059
Washington County,2020,222.7531566,19183
Mahaska County,2020,217.8744954,19123
Jefferson County,2020,203.8141737,19101
Carroll County,2020,200.7423936,19027
Jones County,2020,196.7375881,19105
Benton County,2020,195.9319366,19011
Buchanan County,2020,195.0990423,19019
Buena Vista County,2020,193.4720997,19021
Mills County,2020,186.9697209,19129
Poweshiek County,2020,177.3563844,19157
Cedar County,2020,176.7632333,19031
Floyd County,2020,166.2657894,19067
Madison County,2020,165.8429961,19121
Jackson County,2020,164.6634125,19097
Delaware County,2020,164.2344881,19055
Page County,2020,162.9120732,19145
Union County,2020,162.0289602,19175
Hardin County,2020,161.4530648,19083
Plymouth County,2020,160.3449914,19149
Iowa County,2020,158.0740329,19095
Winneshiek County,2020,154.0611583,19191
Clay County,2020,152.5660102,19041
Louisa County,2020,146.745921,19115
Fayette County,2020,143.2467422,19065
Hamilton County,2020,141.9977846,19079
Winnebago County,2020,140.4527897,19189
Montgomery County,2020,138.1674834,19137
Appanoose County,2020,136.8535756,19007
Grundy County,2020,133.8799823,19075
Butler County,2020,132.8232301,19023
O'Brien County,2020,131.9445722,19141
Cass County,2020,130.8613526,19029
Tama County,2020,130.6555226,19171
Clarke County,2020,128.3893611,19039
Crawford County,2020,127.380535,19047
Chickasaw County,2020,126.6932185,19037
Emmet County,2020,123.1529281,19063
Wright County,2020,119.9258568,19197
Mitchell County,2020,118.8596951,19131
Humboldt County,2020,118.6235641,19091
Harrison County,2020,116.0817987,19085
Clayton County,2020,115.1988222,19043
Lucas County,2020,112.9946816,19117
Allamakee County,2020,112.9674711,19005
Shelby County,2020,110.712317,19165
Cherokee County,2020,108.9446168,19035
Lyon County,2020,107.2044471,19119
Howard County,2020,105.6196142,19089
Davis County,2020,103.4825861,19051
Hancock County,2020,100.4305676,19081
Guthrie County,2020,99.83750907,19077
Monroe County,2020,99.24023068,19135
Worth County,2020,97.80465186,19195
Keokuk County,2020,97.42021184,19107
Calhoun County,2020,94.59977642,19025
Franklin County,2020,92.75909403,19069
Sac County,2020,92.51928928,19161
Ida County,2020,88.42605749,19093
Greene County,2020,84.63745439,19073
Palo Alto County,2020,84.23439686,19147
Van Buren County,2020,84.1207504,19177
Decatur County,2020,82.1545239,19053
Osceola County,2020,81.88862553,19143
Kossuth County,2020,80.82031341,19109
Adair County,2020,74.05621173,19001
Fremont County,2020,73.31150783,19071
Audubon County,2020,71.30580433,19009
Wayne County,2020,70.67226026,19185
Monona County,2020,69.01081927,19133
Pocahontas County,2020,65.94860415,19151
Taylor County,2020,63.246595,19173
Ringgold County,2020,49.65243896,19159
Adams County,2020,49.49476584,19003
Polk County,2010,4054.127568,19153
Scott County,2010,1968.59191,19163
Linn County,2010,1604.693234,19113
Black Hawk County,2010,1244.640637,19013
Johnson County,2010,1171.17497,19103
Story County,2010,860.4147635,19169
Dubuque County,2010,825.8406889,19061
Woodbury County,2010,634.5530454,19193
Dallas County,2010,622.9967509,19049
Pottawattamie County,2010,547.1699429,19155
Des Moines County,2010,535.3150505,19057
Muscatine County,2010,533.6310209,19139
Wapello County,2010,464.5982075,19179
Warren County,2010,454.5229608,19181
Cerro Gordo County,2010,409.4785179,19033
Marshall County,2010,390.8840053,19127
Clinton County,2010,382.9438932,19045
Lee County,2010,382.8719213,19111
Marion County,2010,328.9550073,19125
Bremer County,2010,297.5533681,19017
Webster County,2010,287.9856245,19187
Jasper County,2010,280.2272934,19099
Henry County,2010,262.6977028,19087
Boone County,2010,252.8321869,19015
Sioux County,2010,233.7305839,19167
Mahaska County,2010,219.7498459,19123
Jefferson County,2010,219.1688775,19101
Dickinson County,2010,217.9376465,19059
Washington County,2010,214.2536899,19183
Carroll County,2010,201.2838952,19027
Benton County,2010,199.770134,19011
Buchanan County,2010,198.827412,19019
Jones County,2010,196.6613554,19105
Mills County,2010,194.3922277,19129
Buena Vista County,2010,188.2411152,19021
Poweshiek County,2010,179.7512943,19157
Cedar County,2010,176.7059201,19031
Floyd County,2010,173.4581919,19067
Page County,2010,170.6340905,19145
Jackson County,2010,167.7310449,19097
Hardin County,2010,167.7282876,19083
Union County,2010,167.315125,19175
Delaware County,2010,166.8264779,19055
Winneshiek County,2010,161.6298828,19191
Madison County,2010,157.1339337,19121
Plymouth County,2010,155.9024031,19149
Clay County,2010,155.2012752,19041
Iowa County,2010,155.1614937,19095
Louisa County,2010,154.1935777,19115
Fayette County,2010,153.3134439,19065
Hamilton County,2010,147.9839935,19079
Montgomery County,2010,143.6513816,19137
Appanoose County,2010,143.1868173,19007
Winnebago County,2010,142.912259,19189
Cass County,2010,139.1255455,19029
Butler County,2010,137.7621712,19023
Tama County,2010,135.474565,19171
Grundy County,2010,135.2264919,19075
Emmet County,2010,135.1428915,19063
O'Brien County,2010,133.9541638,19141
Crawford County,2010,131.7820046,19047
Chickasaw County,2010,131.1968819,19037
Wright County,2010,122.5758448,19197
Clayton County,2010,122.5394266,19043
Clarke County,2010,122.3044324,19039
Humboldt County,2010,121.3181496,19091
Mitchell County,2010,121.2335139,19131
Harrison County,2010,118.8361742,19085
Lucas County,2010,116.4496962,19117
Allamakee County,2010,115.1286438,19005
Shelby County,2010,114.6804666,19165
Cherokee County,2010,112.8134684,19035
Howard County,2010,106.7015767,19089
Hancock County,2010,105.5102424,19081
Monroe County,2010,104.3875727,19135
Lyon County,2010,104.0334089,19119
Guthrie County,2010,102.9483267,19077
Keokuk County,2010,102.0615814,19107
Worth County,2010,99.8414275,19195
Davis County,2010,99.42734099,19051
Franklin County,2010,98.87884262,19069
Sac County,2010,97.57230936,19161
Calhoun County,2010,92.15068379,19025
Decatur County,2010,90.8804197,19053
Greene County,2010,90.08953075,19073
Ida County,2010,89.48641278,19093
Van Buren County,2010,88.40678614,19177
Palo Alto County,2010,88.21390093,19147
Osceola County,2010,85.45935048,19143
Kossuth County,2010,84.71743535,19109
Fremont County,2010,82.59060254,19071
Audubon County,2010,76.89817002,19009
Adair County,2010,75.89378582,19001
Monona County,2010,72.89075563,19133
Wayne County,2010,69.64975873,19185
Pocahontas County,2010,68.11024249,19151
Taylor County,2010,67.76267649,19173
Ringgold County,2010,54.63578476,19159
Adams County,2010,53.83758411,19003
Polk County,2000,3526.565672,19153
Scott County,2000,1890.479235,19163
Linn County,2000,1456.360948,19113
Black Hawk County,2000,1215.41641,19013
Johnson County,2000,993.3180173,19103
Dubuque County,2000,786.0710979,19061
Story County,2000,768.5425074,19169
Woodbury County,2000,645.1421788,19193
Des Moines County,2000,562.2102344,19057
Muscatine County,2000,520.8598305,19139
Pottawattamie County,2000,515.1354975,19155
Wapello County,2000,470.153824,19179
Cerro Gordo County,2000,430.7727735,19033
Lee County,2000,406.2529237,19111
Warren County,2000,399.9113756,19181
Clinton County,2000,390.997909,19045
Dallas County,2000,383.8681122,19049
Marshall County,2000,378.0269911,19127
Marion County,2000,316.5410518,19125
Webster County,2000,304.819446,19187
Bremer County,2000,285.8968657,19017
Jasper County,2000,283.0491903,19099
Henry County,2000,265.1884082,19087
Boone County,2000,252.0440687,19015
Mahaska County,2000,219.2981908,19123
Sioux County,2000,219.0634766,19167
Dickinson County,2000,214.7601792,19059
Jefferson County,2000,210.5546284,19101
Carroll County,2000,207.1340469,19027
Washington County,2000,204.0464324,19183
Buchanan County,2000,200.1081497,19019
Benton County,2000,193.8864301,19011
Jones County,2000,192.687725,19105
Buena Vista County,2000,189.6440968,19021
Mills County,2000,187.7829694,19129
Page County,2000,181.8154858,19145
Hardin County,2000,179.953493,19083
Floyd County,2000,179.8100621,19067
Poweshiek County,2000,178.8104369,19157
Cedar County,2000,173.7256376,19031
Delaware County,2000,172.8368892,19055
Jackson County,2000,171.5169936,19097
Louisa County,2000,164.9723683,19115
Union County,2000,164.3116223,19175
Winneshiek County,2000,163.5796354,19191
Clay County,2000,161.7661578,19041
Fayette County,2000,161.5958943,19065
Montgomery County,2000,157.4413792,19137
Hamilton County,2000,155.2071004,19079
Plymouth County,2000,155.0475793,19149
Winnebago County,2000,154.1837301,19189
Appanoose County,2000,152.4533499,19007
Iowa County,2000,148.6723184,19095
Cass County,2000,146.3828827,19029
Emmet County,2000,144.6535298,19063
Butler County,2000,141.8208132,19023
O'Brien County,2000,140.5039437,19141
Madison County,2000,140.49752,19121
Chickasaw County,2000,138.1158589,19037
Tama County,2000,138.0365875,19171
Grundy County,2000,134.3143402,19075
Wright County,2000,132.8144349,19197
Crawford County,2000,130.5949183,19047
Humboldt County,2000,128.3141835,19091
Clayton County,2000,126.2502847,19043
Harrison County,2000,124.7111136,19085
Shelby County,2000,124.1625534,19165
Lucas County,2000,123.3073766,19117
Mitchell County,2000,122.3360458,19131
Cherokee County,2000,121.8127535,19035
Clarke County,2000,120.2892937,19039
Allamakee County,2000,117.9004081,19005
Hancock County,2000,112.5715486,19081
Howard County,2000,110.784033,19089
Keokuk County,2000,110.6937521,19107
Sac County,2000,108.6870681,19161
Guthrie County,2000,106.6982246,19077
Calhoun County,2000,105.9208739,19025
Lyon County,2000,105.6683351,19119
Monroe County,2000,104.9900606,19135
Worth County,2000,103.9281192,19195
Greene County,2000,100.0287142,19073
Franklin County,2000,99.10104227,19069
Ida County,2000,98.9286242,19093
Davis County,2000,97.01918421,19051
Palo Alto County,2000,95.01183025,19147
Kossuth County,2000,93.54727806,19109
Decatur County,2000,93.37353278,19053
Osceola County,2000,92.61402529,19143
Van Buren County,2000,91.19796472,19177
Fremont County,2000,88.90615863,19071
Audubon County,2000,85.83338801,19009
Adair County,2000,81.43614638,19001
Pocahontas County,2000,80.70737626,19151
Monona County,2000,79.0182161,19133
Taylor County,2000,74.63870556,19173
Wayne County,2000,73.20675874,19185
Adams County,2000,59.89080467,19003
Ringgold County,2000,58.23486783,19159
Polk County,1990,3079.758714,19153
Scott County,1990,1798.867222,19163
Linn County,1990,1282.130339,19113
Black Hawk County,1990,1175.406374,19013
Johnson County,1990,860.1042692,19103
Dubuque County,1990,761.9095282,19061
Story County,1990,713.4921826,19169
Woodbury County,1990,610.3564096,19193
Des Moines County,1990,565.7015638,19057
Muscatine County,1990,498.2012668,19139
Pottawattamie County,1990,485.3212611,19155
Wapello County,1990,465.4067714,19179
Cerro Gordo County,1990,433.4252809,19033
Lee County,1990,413.0323467,19111
Clinton County,1990,397.94479,19045
Marshall County,1990,368.0741042,19127
Warren County,1990,354.3066706,19181
Webster County,1990,305.6300755,19187
Marion County,1990,296.2856638,19125
Dallas County,1990,280.2943725,19049
Bremer County,1990,279.6212303,19017
Jasper County,1990,264.6574201,19099
Henry County,1990,250.7136279,19087
Boone County,1990,242.0676447,19015
Jefferson County,1990,212.2332359,19101
Mahaska County,1990,211.3156778,19123
Sioux County,1990,207.3713995,19167
Carroll County,1990,207.1533862,19027
Buchanan County,1990,197.7459002,19019
Dickinson County,1990,194.9500433,19059
Washington County,1990,193.6022561,19183
Buena Vista County,1990,185.5001907,19021
Jones County,1990,185.2836222,19105
Hardin County,1990,182.6510735,19083
Floyd County,1990,181.4911266,19067
Poweshiek County,1990,180.882224,19157
Page County,1990,180.6802101,19145
Benton County,1990,171.8302016,19011
Mills County,1990,170.4207577,19129
Union County,1990,170.1984876,19175
Delaware County,1990,169.3715115,19055
Jackson County,1990,168.5930243,19097
Cedar County,1990,166.0265743,19031
Clay County,1990,163.7495904,19041
Montgomery County,1990,161.5208644,19137
Fayette County,1990,160.3843657,19065
Winneshiek County,1990,160.0255589,19191
Winnebago County,1990,159.4314746,19189
Louisa County,1990,156.9695225,19115
Appanoose County,1990,152.6977909,19007
Emmet County,1990,151.7635519,19063
Hamilton County,1990,151.7418975,19079
Cass County,1990,150.8090608,19029
Plymouth County,1990,145.9315378,19149
Butler County,1990,145.7682595,19023
O'Brien County,1990,143.685797,19141
Chickasaw County,1990,140.2253031,19037
Iowa County,1990,138.796249,19095
Humboldt County,1990,132.9493649,19091
Tama County,1990,132.8210416,19171
Wright County,1990,132.2121649,19197
Cherokee County,1990,131.7465438,19035
Grundy County,1990,130.6222976,19075
Crawford County,1990,129.3076233,19047
Clayton County,1990,128.7917831,19043
Madison County,1990,125.1038264,19121
Shelby County,1990,124.6998088,19165
Mitchell County,1990,122.9435634,19131
Lucas County,1990,118.7006905,19117
Hancock County,1990,117.576796,19081
Harrison County,1990,117.2599709,19085
Sac County,1990,116.1817527,19161
Keokuk County,1990,112.8687872,19107
Allamakee County,1990,111.3124466,19005
Calhoun County,1990,109.6659844,19025
Howard County,1990,109.41206,19089
Clarke County,1990,109.146762,19039
Lyon County,1990,107.3661431,19119
Monroe County,1990,106.2736217,19135
Ida County,1990,105.5937146,19093
Franklin County,1990,105.2115325,19069
Worth County,1990,105.0056393,19195
Guthrie County,1990,102.7697601,19077
Kossuth County,1990,101.3306209,19109
Palo Alto County,1990,99.89959761,19147
Greene County,1990,96.93116285,19073
Osceola County,1990,96.10540079,19143
Davis County,1990,94.41792052,19051
Audubon County,1990,92.16721342,19009
Fremont County,1990,91.30362807,19071
Van Buren County,1990,89.64471471,19177
Decatur County,1990,89.60162462,19053
Pocahontas County,1990,88.74829818,19151
Adair County,1990,83.07613186,19001
Monona County,1990,79.12862079,19133
Wayne County,1990,76.87253552,19185
Taylor County,1990,76.31212293,19173
Adams County,1990,65.02201149,19003
Ringgold County,1990,57.71310727,19159
Polk County,1980,2854.100536,19153
Scott County,1980,1906.611719,19163
Black Hawk County,1980,1309.877694,19013
Linn County,1980,1289.788159,19113
Dubuque County,1980,826.6519533,19061
Johnson County,1980,731.2304598,19103
Story County,1980,694.9851263,19169
Woodbury County,1980,626.5537469,19193
Des Moines County,1980,613.345599,19057
Wapello County,1980,524.7970939,19179
Pottawattamie County,1980,508.4220081,19155
Muscatine County,1980,504.805333,19139
Lee County,1980,460.2107255,19111
Cerro Gordo County,1980,449.4237961,19033
Clinton County,1980,445.3644651,19045
Marshall County,1980,400.5387864,19127
Webster County,1980,348.1388841,19187
Warren County,1980,342.9497421,19181
Bremer County,1980,304.2212307,19017
Marion County,1980,293.0068784,19125
Dallas County,1980,278.014714,19049
Jasper County,1980,277.0555117,19099
Boone County,1980,251.6596207,19015
Henry County,1980,246.3320727,19087
Mahaska County,1980,224.5216803,19123
Carroll County,1980,221.9286452,19027
Buchanan County,1980,217.251061,19019
Sioux County,1980,213.6820698,19167
Jefferson County,1980,212.3113106,19101
Floyd County,1980,208.5051945,19067
Hardin County,1980,208.3067862,19083
Dickinson County,1980,204.3647614,19059
Page County,1980,204.1675664,19145
Washington County,1980,198.8243442,19183
Jones County,1980,194.4029611,19105
Buena Vista County,1980,193.0168275,19021
Jackson County,1980,190.167861,19097
Fayette County,1980,187.148135,19065
Union County,1980,184.9890699,19175
Poweshiek County,1980,183.4767098,19157
Clay County,1980,182.289564,19041
Benton County,1980,181.1767104,19011
Montgomery County,1980,179.4037226,19137
Cedar County,1980,178.0050177,19031
Delaware County,1980,177.8048698,19055
Emmet County,1980,174.9432732,19063
Mills County,1980,173.0541341,19129
Appanoose County,1980,172.3419511,19007
Winnebago County,1980,171.1106653,19189
Cass County,1980,168.7929018,19029
Hamilton County,1980,168.6524655,19079
Winneshiek County,1980,167.9243597,19191
Butler County,1980,163.7170942,19023
Louisa County,1980,163.2390954,19115
Chickasaw County,1980,162.8174504,19037
O'Brien County,1980,157.9017966,19141
Grundy County,1980,155.9996614,19075
Plymouth County,1980,154.3861827,19149
Cherokee County,1980,151.7449552,19035
Humboldt County,1980,151.366486,19091
Wright County,1980,151.2068343,19197
Tama County,1980,148.9404332,19171
Iowa County,1980,146.3764406,19095
Crawford County,1980,145.957666,19047
Clayton County,1980,142.6078009,19043
Shelby County,1980,141.7883011,19165
Mitchell County,1980,138.7052703,19131
Lucas County,1980,134.9680508,19117
Sac County,1980,133.0942863,19161
Harrison County,1980,130.1402582,19085
Calhoun County,1980,129.0490755,19025
Hancock County,1980,128.6943993,19081
Madison County,1980,126.2463271,19121
Keokuk County,1980,125.462629,19107
Howard County,1980,123.9683591,19089
Allamakee County,1980,121.3791731,19005
Franklin County,1980,120.6914412,19069
Monroe County,1980,120.6154526,19135
Kossuth County,1980,119.3173375,19109
Worth County,1980,119.2499282,19195
Palo Alto County,1980,119.1135796,19147
Greene County,1980,116.9446254,19073
Lyon County,1980,115.8461999,19119
Clarke County,1980,113.4272854,19039
Guthrie County,1980,112.6191162,19077
Ida County,1980,112.4481542,19093
Osceola County,1980,110.7056984,19143
Audubon County,1980,107.561928,19009
Pocahontas County,1980,105.929596,19151
Decatur County,1980,105.2480585,19053
Fremont County,1980,104.3454179,19071
Davis County,1980,103.4144308,19051
Van Buren County,1980,100.7393576,19177
Adair County,1980,93.94350551,19001
Monona County,1980,92.20369088,19133
Taylor County,1980,89.60291859,19173
Wayne County,1980,89.18606463,19185
Adams County,1980,76.58058937,19003
Ringgold County,1980,65.08164421,19159
Polk County,1970,2693.409696,19153
Scott County,1970,1700.070655,19163
Black Hawk County,1970,1261.977686,19013
Linn County,1970,1239.936356,19113
Dubuque County,1970,798.9984195,19061
Johnson County,1970,645.4160013,19103
Woodbury County,1970,640.0184046,19193
Des Moines County,1970,623.686837,19057
Story County,1970,603.2858334,19169
Wapello County,1970,549.6799958,19179
Pottawattamie County,1970,510.9476428,19155
Muscatine County,1970,464.1697272,19139
Lee County,1970,459.0363373,19111
Cerro Gordo County,1970,457.557534,19033
Clinton County,1970,442.456287,19045
Marshall County,1970,394.9997885,19127
Webster County,1970,366.6091167,19187
Bremer County,1970,278.6896906,19017
Warren County,1970,269.7344264,19181
Jasper County,1970,269.4493205,19099
Marion County,1970,260.2486521,19125
Boone County,1970,254.4084235,19015
Dallas County,1970,245.7226922,19049
Henry County,1970,236.2127668,19087
Carroll County,1970,221.551528,19027
Mahaska County,1970,217.7468537,19123
Hardin County,1970,212.8218856,19083
Floyd County,1970,211.3034221,19067
Buchanan County,1970,206.3031254,19019
Jefferson County,1970,205.2585569,19101
Page County,1970,198.2127236,19145
Fayette County,1970,197.501198,19065
Sioux County,1970,194.1467312,19167
Buena Vista County,1970,192.2642347,19021
Jones County,1970,189.3239563,19105
Washington County,1970,187.2350597,19183
Emmet County,1970,183.7717692,19063
Union County,1970,180.9710507,19175
Poweshiek County,1970,178.6963935,19157
Delaware County,1970,176.2740932,19055
Jackson County,1970,176.1057661,19097
Benton County,1970,175.3236508,19011
Hamilton County,1970,173.5717318,19079
Clay County,1970,171.934742,19041
Montgomery County,1970,170.9504942,19137
Winnebago County,1970,170.8476204,19189
Cass County,1970,169.540567,19029
Cedar County,1970,168.6438737,19031
Winneshiek County,1970,167.0185691,19191
Appanoose County,1970,166.7420321,19007
Dickinson County,1970,164.2999057,19059
O'Brien County,1970,163.0188122,19141
Cherokee County,1970,161.3797039,19035
Wright County,1970,160.2408844,19197
Chickasaw County,1970,157.881351,19037
Butler County,1970,157.0916855,19023
Humboldt County,1970,154.7408981,19091
Tama County,1970,153.6222244,19171
Grundy County,1970,153.317501,19075
Plymouth County,1970,151.6969193,19149
Mills County,1970,149.8184604,19129
Mitchell County,1970,147.4692743,19131
Sac County,1970,146.8109733,19161
Shelby County,1970,146.3596848,19165
Iowa County,1970,146.2815696,19095
Crawford County,1970,144.7628713,19047
Louisa County,1970,144.6470359,19115
Clayton County,1970,139.2822233,19043
Calhoun County,1970,136.1485852,19025
Keokuk County,1970,135.3862268,19107
Lucas County,1970,133.0049744,19117
Harrison County,1970,129.280511,19085
Howard County,1970,127.6269539,19089
Kossuth County,1970,125.0185816,19109
Palo Alto County,1970,124.4320698,19147
Hancock County,1970,123.0565185,19081
Franklin County,1970,122.719013,19069
Greene County,1970,122.705492,19073
Monroe County,1970,122.5538918,19135
Audubon County,1970,120.581458,19009
Allamakee County,1970,120.2543992,19005
Lyon County,1970,119.8347012,19119
Pocahontas County,1970,118.601269,19151
Worth County,1970,117.843896,19195
Ida County,1970,116.0079184,19093
Madison County,1970,115.8335357,19121
Guthrie County,1970,115.0626587,19077
Osceola County,1970,113.1390813,19143
Decatur County,1970,104.6355264,19053
Fremont County,1970,103.0245898,19071
Van Buren County,1970,100.9378933,19177
Clarke County,1970,99.848148,19039
Monona County,1970,95.17673154,19133
Taylor County,1970,94.29063264,19173
Adair County,1970,93.72615804,19001
Davis County,1970,93.22520136,19051
Wayne County,1970,91.42686586,19185
Adams County,1970,84.47783737,19003
Ringgold County,1970,67.86081782,19159
Polk County,1960,2507.140496,19153
Scott County,1960,1418.645796,19163
Black Hawk County,1960,1162.911545,19013
Linn County,1960,1040.027738,19113
Dubuque County,1960,705.870559,19061
Woodbury County,1960,669.8108228,19193
Wapello County,1960,601.5454574,19179
Des Moines County,1960,592.1321222,19057
Pottawattamie County,1960,488.1053328,19155
Johnson County,1960,480.1940865,19103
Story County,1960,473.986275,19169
Lee County,1960,471.9652842,19111
Cerro Gordo County,1960,462.7419803,19033
Clinton County,1960,429.2876203,19045
Muscatine County,1960,422.4604924,19139
Marshall County,1960,365.26614,19127
Webster County,1960,362.2074739,19187
Boone County,1960,269.4691715,19015
Jasper County,1960,268.3616352,19099
Bremer County,1960,258.7228742,19017
Marion County,1960,255.6465015,19125
Henry County,1960,237.1647118,19087
Mahaska County,1960,231.7383434,19123
Dallas County,1960,227.2405023,19049
Carroll County,1960,226.5700879,19027
Page County,1960,225.159458,19145
Floyd County,1960,224.5178657,19067
Hardin County,1960,215.5481638,19083
Buchanan County,1960,211.4924848,19019
Fayette County,1960,209.8587903,19065
Jefferson County,1960,205.8311052,19101
Warren County,1960,204.8081936,19181
Jones County,1960,197.1854554,19105
Buena Vista County,1960,196.8727043,19021
Emmet County,1960,195.0795903,19063
Montgomery County,1960,193.5013536,19137
Washington County,1960,191.5687019,19183
Hamilton County,1960,189.1415401,19079
Poweshiek County,1960,183.4196881,19157
Union County,1960,183.0401303,19175
Sioux County,1960,182.9054163,19167
Wright County,1960,180.1899201,19197
Benton County,1960,179.4376469,19011
Cass County,1960,178.6321762,19029
Appanoose County,1960,177.9418701,19007
Jackson County,1960,175.38745,19097
O'Brien County,1960,175.2810422,19141
Cherokee County,1960,173.7992781,19035
Delaware County,1960,173.5787994,19055
Clay County,1960,172.3072176,19041
Winnebago County,1960,172.2812148,19189
Cedar County,1960,169.9429712,19031
Mills County,1960,168.4586342,19129
Winneshiek County,1960,166.1972166,19191
Dickinson County,1960,164.4175897,19059
Tama County,1960,163.2755591,19171
Humboldt County,1960,162.6145263,19091
Butler County,1960,161.8545667,19023
Sac County,1960,160.3296875,19161
Chickasaw County,1960,158.5669204,19037
Mitchell County,1960,157.9883292,19131
Iowa County,1960,155.5504647,19095
Grundy County,1960,153.4586673,19075
Calhoun County,1960,151.7389181,19025
Keokuk County,1960,150.4269831,19107
Plymouth County,1960,149.1636456,19149
Shelby County,1960,149.1590683,19165
Clayton County,1960,148.4478398,19043
Franklin County,1960,143.2447053,19069
Crawford County,1960,143.1364087,19047
Lucas County,1960,142.9512285,19117
Howard County,1960,142.0382477,19089
Harrison County,1960,140.1069577,19085
Louisa County,1960,139.3388878,19115
Greene County,1960,138.7529309,19073
Palo Alto County,1960,137.9811107,19147
Kossuth County,1960,137.9744681,19109
Audubon County,1960,137.2203168,19009
Monroe County,1960,137.0397959,19135
Hancock County,1960,135.8673468,19081
Worth County,1960,134.8082659,19195
Osceola County,1960,133.0954663,19143
Pocahontas County,1960,132.623966,19151
Lyon County,1960,129.9676505,19119
Ida County,1960,129.6284346,19093
Allamakee County,1960,128.400976,19005
Guthrie County,1960,127.8818588,19077
Madison County,1960,123.2197025,19121
Van Buren County,1960,114.193072,19177
Fremont County,1960,114.1239854,19071
Decatur County,1960,113.2539604,19053
Taylor County,1960,110.3597302,19173
Monona County,1960,109.742265,19133
Clarke County,1960,108.2906573,19039
Adair County,1960,107.6166375,19001
Wayne County,1960,106.6012237,19185
Davis County,1960,104.4935576,19051
Adams County,1960,99.79128274,19003
Ringgold County,1960,84.22706245,19159
Polk County,1950,2127.701495,19153
Scott County,1950,1199.784947,19163
Black Hawk County,1950,953.7086175,19013
Linn County,1950,792.1741748,19113
Woodbury County,1950,645.3906042,19193
Dubuque County,1950,629.0561672,19061
Wapello County,1950,618.1210173,19179
Des Moines County,1950,558.2941045,19057
Lee County,1950,460.1680205,19111
Cerro Gordo County,1950,427.1186199,19033
Story County,1950,425.6238584,19169
Johnson County,1950,409.4396627,19103
Pottawattamie County,1950,409.2820366,19155
Muscatine County,1950,401.3374678,19139
Clinton County,1950,387.2164979,19045
Marshall County,1950,342.4466226,19127
Webster County,1950,335.168811,19187
Boone County,1950,270.4495137,19015
Page County,1950,256.1974692,19145
Marion County,1950,256.0810393,19125
Jasper County,1950,245.7180042,19099
Henry County,1950,243.9587304,19087
Mahaska County,1950,242.2442339,19123
Bremer County,1950,231.463083,19017
Floyd County,1950,228.8056441,19067
Carroll County,1950,223.0309879,19027
Dallas County,1950,222.8884271,19049
Appanoose County,1950,218.696836,19007
Hardin County,1950,212.5349089,19083
Montgomery County,1950,209.7925438,19137
Union County,1950,208.9236494,19175
Buchanan County,1950,208.0202626,19019
Fayette County,1950,207.7514647,19065
Jefferson County,1950,204.2435849,19101
Buena Vista County,1950,196.1665678,19021
Washington County,1950,193.0593168,19183
Hamilton County,1950,185.6291273,19079
Emmet County,1950,184.9917546,19063
Jones County,1950,184.8738713,19105
Cass County,1950,184.7430933,19029
Poweshiek County,1950,183.837847,19157
Sioux County,1950,182.9470251,19167
Wright County,1950,182.0893871,19197
Mills County,1950,181.5480637,19129
Cherokee County,1950,178.0419317,19035
Winnebago County,1950,176.8976517,19189
O'Brien County,1950,176.4905186,19141
Warren County,1950,174.6115465,19181
Benton County,1950,173.5692651,19011
Clay County,1950,168.5731496,19041
Dickinson County,1950,166.7974212,19059
Delaware County,1950,166.5447399,19055
Winneshiek County,1950,166.1051023,19191
Tama County,1950,165.3724526,19171
Sac County,1950,165.1470256,19161
Keokuk County,1950,163.0985048,19107
Humboldt County,1950,162.1324675,19091
Cedar County,1950,161.5274939,19031
Calhoun County,1950,161.2875205,19025
Butler County,1950,161.1781264,19023
Chickasaw County,1950,160.6130812,19037
Lucas County,1950,157.9491327,19117
Jackson County,1950,157.3703909,19097
Mitchell County,1950,156.8857972,19131
Harrison County,1950,155.709778,19085
Monroe County,1950,154.7346028,19135
Clayton County,1950,152.2330502,19043
Crawford County,1950,152.1705986,19047
Franklin County,1950,150.6143269,19069
Louisa County,1950,150.3207962,19115
Shelby County,1950,150.2618557,19165
Iowa County,1950,150.2282025,19095
Greene County,1950,149.9948228,19073
Grundy County,1950,149.0064982,19075
Palo Alto County,1950,148.7959983,19147
Howard County,1950,146.1764753,19089
Audubon County,1950,145.514612,19009
Worth County,1950,145.4389207,19195
Plymouth County,1950,145.0829535,19149
Pocahontas County,1950,144.3825332,19151
Kossuth County,1950,143.0271004,19109
Guthrie County,1950,142.8250612,19077
Hancock County,1950,140.267871,19081
Fremont County,1950,136.7778518,19071
Decatur County,1950,135.4125776,19053
Ida County,1950,135.0311973,19093
Osceola County,1950,134.6427804,19143
Taylor County,1950,133.2297676,19173
Lyon County,1950,132.0247829,19119
Madison County,1950,131.5980409,19121
Allamakee County,1950,131.3655586,19005
Monona County,1950,128.5662652,19133
Van Buren County,1950,128.5460363,19177
Wayne County,1950,127.6712819,19185
Clarke County,1950,123.3976123,19039
Adair County,1950,121.4379609,19001
Adams County,1950,116.9621181,19003
Davis County,1950,113.1265725,19051
Ringgold County,1950,101.4558092,19159
Polk County,1940,1843.628256,19153
Scott County,1940,1009.745722,19163
Black Hawk County,1940,759.0513413,19013
Linn County,1940,677.2157037,19113
Woodbury County,1940,643.58952,19193
Wapello County,1940,577.4711194,19179
Dubuque County,1940,562.3120354,19061
Des Moines County,1940,488.5737165,19057
Lee County,1940,438.5165717,19111
Cerro Gordo County,1940,406.6405205,19033
Pottawattamie County,1940,392.0959736,19155
Muscatine County,1940,390.7010511,19139
Clinton County,1940,348.6850882,19045
Marshall County,1940,340.4752778,19127
Story County,1940,321.2694289,19169
Webster County,1940,314.5621528,19187
Johnson County,1940,297.0039305,19103
Boone County,1940,286.2407128,19015
Appanoose County,1940,269.3849916,19007
Marion County,1940,266.8358504,19125
Page County,1940,266.5434729,19145
Mahaska County,1940,260.0453362,19123
Jasper County,1940,239.5645956,19099
Henry County,1940,234.6479257,19087
Dallas County,1940,232.1954625,19049
Carroll County,1940,220.1784346,19027
Bremer County,1940,219.7943235,19017
Union County,1940,217.3201081,19175
Hardin County,1940,215.5194661,19083
Floyd County,1940,214.5910735,19067
Fayette County,1940,214.044071,19065
Montgomery County,1940,209.9530481,19137
Jefferson County,1940,205.1024074,19101
Buchanan County,1940,199.1404812,19019
Washington County,1940,197.9753847,19183
Mills County,1940,194.4567713,19129
Lucas County,1940,190.6932482,19117
Monroe County,1940,190.6088263,19135
Jones County,1940,190.1053416,19105
Sioux County,1940,188.6890416,19167
Hamilton County,1940,188.1029234,19079
Cass County,1940,185.8895133,19029
Wright County,1940,185.6659443,19197
Buena Vista County,1940,184.3201995,19021
Winnebago County,1940,183.7631219,19189
Harrison County,1940,181.2394947,19085
Cherokee County,1940,179.9670124,19035
O'Brien County,1940,179.4956023,19141
Keokuk County,1940,178.7218598,19107
Poweshiek County,1940,178.2687311,19157
Emmet County,1940,175.8615418,19063
Benton County,1940,175.2776843,19011
Warren County,1940,173.9920777,19181
Delaware County,1940,173.6163644,19055
Tama County,1940,171.0150021,19171
Winneshiek County,1940,170.8950457,19191
Calhoun County,1940,167.5674895,19025
Butler County,1940,166.6637795,19023
Humboldt County,1940,166.359753,19091
Sac County,1940,166.2877261,19161
Clay County,1940,165.397795,19041
Clayton County,1940,164.4809095,19043
Fremont County,1940,162.5506483,19071
Jackson County,1940,162.0943759,19097
Guthrie County,1940,161.7437194,19077
Iowa County,1940,161.4324657,19095
Cedar County,1940,161.279137,19031
Chickasaw County,1940,160.602534,19037
Greene County,1940,160.1752486,19073
Dickinson County,1940,159.3310268,19059
Mitchell County,1940,158.8658546,19131
Crawford County,1940,158.314156,19047
Shelby County,1940,157.5949208,19165
Louisa County,1940,154.1529542,19115
Taylor County,1940,152.9460569,19173
Franklin County,1940,151.6420003,19069
Pocahontas County,1940,151.5569363,19151
Palo Alto County,1940,151.4084257,19147
Howard County,1940,150.9281867,19089
Decatur County,1940,150.5754335,19053
Worth County,1940,150.4454466,19195
Audubon County,1940,148.166273,19009
Grundy County,1940,146.7912726,19075
Plymouth County,1940,146.6428511,19149
Madison County,1940,145.5686196,19121
Kossuth County,1940,145.1473527,19109
Wayne County,1940,144.7601107,19185
Monona County,1940,143.825771,19133
Hancock County,1940,143.2914869,19081
Van Buren County,1940,140.7618221,19177
Osceola County,1940,140.2765909,19143
Ida County,1940,139.4493443,19093
Lyon County,1940,138.1063491,19119
Allamakee County,1940,138.0579634,19005
Adams County,1940,135.7097305,19003
Clarke County,1940,134.7772192,19039
Adair County,1940,130.3689661,19001
Davis County,1940,126.4963863,19051
Ringgold County,1940,118.5887224,19159
Polk County,1930,1627.120673,19153
Scott County,1930,921.3864182,19163
Black Hawk County,1930,656.510195,19013
Woodbury County,1930,631.4290957,19193
Linn County,1930,625.5102217,19113
Dubuque County,1930,539.7906306,19061
Wapello County,1930,527.9139773,19179
Des Moines County,1930,506.6011893,19057
Lee County,1930,440.5877655,19111
Pottawattamie County,1930,410.4919918,19155
Muscatine County,1930,366.844018,19139
Cerro Gordo County,1930,356.8457216,19033
Clinton County,1930,345.9952184,19045
Marshall County,1930,324.3294836,19127
Webster County,1930,306.2588817,19187
Story County,1930,299.2358463,19169
Boone County,1930,281.3293904,19015
Page County,1930,277.4356942,19145
Appanoose County,1930,275.9404523,19007
Johnson County,1930,270.9195565,19103
Marion County,1930,254.0762398,19125
Mahaska County,1930,253.3588769,19123
Jasper County,1930,250.5175108,19099
Dallas County,1930,240.146007,19049
Union County,1930,232.7380887,19175
Henry County,1930,230.2924513,19087
Montgomery County,1930,224.0640544,19137
Hardin County,1930,219.5084416,19083
Carroll County,1930,215.8851002,19027
Fayette County,1930,214.0000155,19065
Jefferson County,1930,211.3353761,19101
Bremer County,1930,208.9345326,19017
Floyd County,1930,207.7285001,19067
Mills County,1930,204.8095548,19129
Harrison County,1930,198.1956208,19085
Hamilton County,1930,198.0736436,19079
Lucas County,1930,197.799585,19117
Monroe County,1930,196.5944124,19135
Washington County,1930,195.6752967,19183
Cass County,1930,193.6153873,19029
Wright County,1930,187.3152376,19197
Keokuk County,1930,185.9266636,19107
Sioux County,1930,185.8943162,19167
Buchanan County,1930,185.4697922,19019
Jones County,1930,183.0156988,19105
Poweshiek County,1930,177.9741191,19157
Cherokee County,1930,175.0982403,19035
Benton County,1930,175.0631743,19011
Warren County,1930,174.0412419,19181
Buena Vista County,1930,173.4401232,19021
Winnebago County,1930,172.8599134,19189
Fremont County,1930,172.4069116,19071
O'Brien County,1930,171.2711627,19141
Delaware County,1930,170.1885517,19055
Emmet County,1930,168.6465747,19063
Calhoun County,1930,167.7676099,19025
Tama County,1930,167.6523476,19171
Sac County,1930,166.3065806,19161
Winneshiek County,1930,166.0360166,19191
Clayton County,1930,166.0017529,19043
Iowa County,1930,164.4303888,19095
Butler County,1930,163.2445126,19023
Humboldt County,1930,163.1831086,19091
Guthrie County,1930,162.8151188,19077
Crawford County,1930,162.091249,19047
Shelby County,1930,161.4688151,19165
Decatur County,1930,160.1502773,19053
Cedar County,1930,160.0946657,19031
Greene County,1930,159.4901204,19073
Taylor County,1930,159.3930046,19173
Mitchell County,1930,158.2358363,19131
Louisa County,1930,156.7393222,19115
Jackson County,1930,156.1788312,19097
Chickasaw County,1930,154.3796736,19037
Audubon County,1930,154.123085,19009
Grundy County,1930,153.4695263,19075
Franklin County,1930,151.6697753,19069
Plymouth County,1930,150.7422619,19149
Ida County,1930,150.633568,19093
Clay County,1930,149.9866166,19041
Wayne County,1930,149.9705175,19185
Van Buren County,1930,147.1850364,19177
Worth County,1930,146.7004075,19195
Pocahontas County,1930,146.1621579,19151
Howard County,1930,145.9199275,19089
Palo Alto County,1930,144.1797735,19147
Monona County,1930,143.6286197,19133
Madison County,1930,143.6243641,19121
Dickinson County,1930,143.600602,19059
Adams County,1930,139.464598,19003
Kossuth County,1930,138.7266399,19109
Hancock County,1930,137.7094267,19081
Lyon County,1930,137.3787171,19119
Adair County,1930,137.2351704,19001
Clarke County,1930,136.7660162,19039
Osceola County,1930,134.6560054,19143
Allamakee County,1930,131.1807744,19005
Ringgold County,1930,127.4160593,19159
Davis County,1930,126.6554155,19051
Polk County,1920,1450.058553,19153
Scott County,1920,881.114783,19163
Woodbury County,1920,572.4404802,19193
Linn County,1920,562.2116504,19113
Black Hawk County,1920,537.1067268,19013
Dubuque County,1920,513.7596256,19061
Wapello County,1920,494.7498161,19179
Des Moines County,1920,471.528595,19057
Lee County,1920,423.5911647,19111
Muscatine County,1920,362.5619864,19139
Pottawattamie County,1920,361.5181733,19155
Appanoose County,1920,339.2728694,19007
Clinton County,1920,338.1517141,19045
Cerro Gordo County,1920,321.5933413,19033
Marshall County,1920,313.7803851,19127
Monroe County,1920,307.360498,19135
Boone County,1920,287.2979447,19015
Webster County,1920,284.9400816,19187
Page County,1920,258.5108613,19145
Mahaska County,1920,257.9343395,19123
Story County,1920,251.6133276,19169
Marion County,1920,246.471828,19125
Henry County,1920,238.6121899,19087
Johnson County,1920,236.7906363,19103
Dallas County,1920,236.6323185,19049
Union County,1920,230.5088223,19175
Montgomery County,1920,228.0231614,19137
Hardin County,1920,223.2391381,19083
Fayette County,1920,214.7783308,19065
Jefferson County,1920,213.9248558,19101
Jasper County,1920,211.8704537,19099
Carroll County,1920,208.3717649,19027
Lucas County,1920,205.28545,19117
Bremer County,1920,205.0367746,19017
Keokuk County,1920,203.7444737,19107
Washington County,1920,201.5883985,19183
Floyd County,1920,200.6637734,19067
Mills County,1920,199.0780886,19129
Harrison County,1920,194.9397262,19085
Cass County,1920,193.6054185,19029
Poweshiek County,1920,189.2168907,19157
Buchanan County,1920,188.6953538,19019
Wright County,1920,188.538309,19197
Benton County,1920,184.4786328,19011
Hamilton County,1920,184.4111132,19079
Sioux County,1920,183.4810049,19167
Decatur County,1920,178.0211698,19053
Warren County,1920,177.4532369,19181
Winnebago County,1920,177.4105891,19189
Jones County,1920,177.307774,19105
O'Brien County,1920,177.2441154,19141
Iowa County,1920,176.4600295,19095
Buena Vista County,1920,172.4087923,19021
Fremont County,1920,171.4523636,19071
Delaware County,1920,170.7614191,19055
Winneshiek County,1920,169.5747408,19191
Calhoun County,1920,169.4638687,19025
Clayton County,1920,169.1989038,19043
Jackson County,1920,168.4324595,19097
Cedar County,1920,167.7364159,19031
Wayne County,1920,167.2768998,19185
Tama County,1920,166.6915892,19171
Taylor County,1920,166.4192121,19173
Cherokee County,1920,165.9681244,19035
Emmet County,1920,165.6425248,19063
Guthrie County,1920,165.3714402,19077
Butler County,1920,165.3572304,19023
Sac County,1920,164.9773347,19161
Louisa County,1920,164.9182035,19115
Van Buren County,1920,164.2007151,19177
Chickasaw County,1920,162.7541671,19037
Humboldt County,1920,160.0806271,19091
Greene County,1920,158.9014892,19073
Crawford County,1920,158.8999908,19047
Audubon County,1920,157.3402662,19009
Mitchell County,1920,156.6157894,19131
Grundy County,1920,156.5860446,19075
Howard County,1920,152.8690266,19089
Worth County,1920,152.8238749,19195
Shelby County,1920,151.4211964,19165
Madison County,1920,150.5294779,19121
Ida County,1920,147.5534884,19093
Plymouth County,1920,147.1544975,19149
Franklin County,1920,146.3462421,19069
Clay County,1920,145.8242017,19041
Pocahontas County,1920,145.3701783,19151
Palo Alto County,1920,145.003765,19147
Davis County,1920,142.8309592,19051
Adair County,1920,140.8708008,19001
Adams County,1920,140.5870495,19003
Allamakee County,1920,138.8694074,19005
Lyon County,1920,138.6183864,19119
Clarke County,1920,138.3728588,19039
Ringgold County,1920,137.5637699,19159
Hancock County,1920,136.9744554,19081
Kossuth County,1920,136.7099475,19109
Osceola County,1920,135.1982265,19143
Monona County,1920,135.0485979,19133
Dickinson County,1920,133.9112881,19059
Polk County,1910,1039.684517,19153
Scott County,1910,714.8810983,19163
Dubuque County,1910,506.5993356,19061
Wapello County,1910,492.2197936,19179
Des Moines County,1910,479.8254805,19057
Linn County,1910,461.2925168,19113
Black Hawk County,1910,425.9730121,19013
Woodbury County,1910,419.9383267,19193
Lee County,1910,391.839977,19111
Muscatine County,1910,368.3421048,19139
Clinton County,1910,353.9244867,19045
Monroe County,1910,333.0579155,19135
Pottawattamie County,1910,327.9331056,19155
Appanoose County,1910,318.8953864,19007
Mahaska County,1910,293.1830749,19123
Marshall County,1910,291.1724266,19127
Boone County,1910,265.5189689,19015
Webster County,1910,262.3485173,19187
Page County,1910,257.0649912,19145
Henry County,1910,243.0719871,19087
Cerro Gordo County,1910,231.9645583,19033
Johnson County,1910,231.886953,19103
Story County,1910,231.4150761,19169
Marion County,1910,227.0953914,19125
Dallas County,1910,222.5775645,19049
Montgomery County,1910,222.0845009,19137
Union County,1910,221.8053388,19175
Jefferson County,1910,207.5617624,19101
Jasper County,1910,205.6257708,19099
Keokuk County,1910,205.4631399,19107
Fayette County,1910,204.9979904,19065
Mills County,1910,204.0995758,19129
Hardin County,1910,200.1279516,19083
Washington County,1910,196.6920738,19183
Carroll County,1910,194.5247944,19027
Bremer County,1910,194.1892408,19017
Cass County,1910,189.8770612,19029
Buchanan County,1910,187.3482075,19019
Poweshiek County,1910,186.1662316,19157
Harrison County,1910,184.3839406,19085
Floyd County,1910,182.1401452,19067
Hamilton County,1910,181.6823839,19079
Jones County,1910,181.5291608,19105
Jackson County,1910,179.6466421,19097
Warren County,1910,178.8986641,19181
Benton County,1910,177.3998015,19011
Lucas County,1910,176.1795695,19117
Wayne County,1910,176.0443066,19185
Decatur County,1910,175.667757,19053
Van Buren County,1910,175.4121437,19177
Sioux County,1910,175.0898938,19167
Taylor County,1910,174.9793856,19173
Iowa County,1910,174.6479937,19095
Louisa County,1910,174.0720508,19115
Fremont County,1910,173.4058572,19071
Clayton County,1910,172.8759653,19043
Cedar County,1910,169.6946144,19031
Tama County,1910,168.9409839,19171
Delaware County,1910,167.9909951,19055
Winneshiek County,1910,166.7959595,19191
Wright County,1910,166.3284443,19197
Guthrie County,1910,163.2850308,19077
Calhoun County,1910,162.8598951,19025
Chickasaw County,1910,162.1635227,19037
O'Brien County,1910,160.5998594,19141
Audubon County,1910,159.2379004,19009
Butler County,1910,158.6298922,19023
Winnebago County,1910,156.6958083,19189
Madison County,1910,156.5526614,19121
Cherokee County,1910,156.4455164,19035
Sac County,1910,156.0685586,19161
Shelby County,1910,156.0114312,19165
Greene County,1910,154.6170256,19073
Crawford County,1910,154.4831045,19047
Davis County,1910,151.2481487,19051
Mitchell County,1910,151.1481309,19131
Humboldt County,1910,150.575415,19091
Buena Vista County,1910,148.483774,19021
Grundy County,1910,147.3993738,19075
Adams County,1910,146.9609705,19003
Plymouth County,1910,144.3154839,19149
Howard County,1910,144.1129386,19089
Ida County,1910,142.5925404,19093
Adair County,1910,142.4613892,19001
Clarke County,1910,141.4021523,19039
Allamakee County,1910,139.2148737,19005
Pocahontas County,1910,137.9721574,19151
Ringgold County,1910,137.4040473,19159
Franklin County,1910,136.8379489,19069
Lyon County,1910,131.3690158,19119
Monona County,1910,131.1686615,19133
Worth County,1910,130.7478552,19195
Palo Alto County,1910,129.6381975,19147
Emmet County,1910,128.7674843,19063
Kossuth County,1910,119.7533791,19109
Clay County,1910,118.8755912,19041
Osceola County,1910,118.4422691,19143
Hancock County,1910,118.4420153,19081
Dickinson County,1910,106.3993898,19059
Polk County,1900,777.8381855,19153
Scott County,1900,614.2973278,19163
Dubuque County,1900,497.3667942,19061
Des Moines County,1900,477.7545779,19057
Wapello County,1900,462.0029782,19179
Lee County,1900,424.0502437,19111
Linn County,1900,420.8154659,19113
Muscatine County,1900,352.5747407,19139
Clinton County,1900,341.7460039,19045
Woodbury County,1900,339.162802,19193
Mahaska County,1900,336.5125093,19123
Pottawattamie County,1900,319.1462464,19155
Black Hawk County,1900,307.6139445,19013
Marshall County,1900,288.4029277,19127
Appanoose County,1900,288.0736101,19007
Boone County,1900,271.0357968,19015
Union County,1900,266.0168989,19175
Henry County,1900,261.0937406,19087
Page County,1900,259.0463687,19145
Keokuk County,1900,242.5455468,19107
Webster County,1900,240.5903106,19187
Marion County,1900,238.590892,19125
Montgomery County,1900,238.1215592,19137
Monroe County,1900,235.5596607,19135
Jefferson County,1900,226.8982792,19101
Story County,1900,222.5363015,19169
Johnson County,1900,222.070638,19103
Fayette County,1900,219.139834,19065
Hardin County,1900,218.0448607,19083
Dallas County,1900,217.208121,19049
Mills County,1900,216.4015742,19129
Cass County,1900,212.077734,19029
Lucas County,1900,211.0438076,19117
Jones County,1900,209.2016376,19105
Fremont County,1900,205.8493905,19071
Jasper County,1900,205.1846117,19099
Washington County,1900,204.5202703,19183
Harrison County,1900,203.7680567,19085
Buchanan County,1900,203.2767897,19019
Van Buren County,1900,202.6699295,19177
Taylor County,1900,201.4966147,19173
Warren County,1900,200.3539178,19181
Bremer County,1900,199.8520212,19017
Jackson County,1900,199.5651263,19097
Carroll County,1900,196.4780682,19027
Decatur County,1900,194.6669981,19053
Benton County,1900,192.8828296,19011
Cerro Gordo County,1900,191.722496,19033
Wayne County,1900,190.261429,19185
Floyd County,1900,188.896322,19067
Clayton County,1900,187.5706928,19043
Tama County,1900,187.4622716,19171
Iowa County,1900,185.4158504,19095
Cedar County,1900,185.0354278,19031
Poweshiek County,1900,184.5030997,19157
Hamilton County,1900,184.2505997,19079
Louisa County,1900,183.0227801,19115
Winneshiek County,1900,182.1636944,19191
Adams County,1900,181.7436043,19003
Delaware County,1900,180.1714692,19055
Chickasaw County,1900,179.693004,19037
Madison County,1900,177.4884856,19121
Davis County,1900,177.431174,19051
Calhoun County,1900,176.9540897,19025
Guthrie County,1900,176.0196467,19077
Greene County,1900,171.9575233,19073
Audubon County,1900,171.2394942,19009
Shelby County,1900,169.0186675,19165
Wright County,1900,168.8857754,19197
Mitchell County,1900,167.8098638,19131
Winnebago County,1900,167.3622764,19189
Crawford County,1900,167.155637,19047
Butler County,1900,166.3765241,19023
Sac County,1900,166.2877261,19161
Clarke County,1900,163.8452659,19039
Ringgold County,1900,163.1832784,19159
Howard County,1900,161.8705082,19089
Sioux County,1900,161.8374862,19167
Adair County,1900,159.9677402,19001
O'Brien County,1900,158.0227442,19141
Buena Vista County,1900,157.7192956,19021
Humboldt County,1900,156.5702497,19091
Ida County,1900,155.6071393,19093
Cherokee County,1900,154.8475125,19035
Allamakee County,1900,150.3260331,19005
Grundy County,1900,149.3865614,19075
Worth County,1900,143.0604924,19195
Pocahontas County,1900,142.9197003,19151
Monona County,1900,141.7911702,19133
Franklin County,1900,138.8377457,19069
Plymouth County,1900,138.5750609,19149
Palo Alto County,1900,134.4042388,19147
Emmet County,1900,130.3416589,19063
Hancock County,1900,127.9408212,19081
Clay County,1900,124.7886415,19041
Kossuth County,1900,123.8358188,19109
Lyon County,1900,118.2626568,19119
Osceola County,1900,115.3873155,19143
Dickinson County,1900,104.5425982,19059
Polk County,1890,615.7822874,19153
Scott County,1890,514.2854621,19163
Des Moines County,1890,468.9266917,19057
Dubuque County,1890,439.5642068,19061
Lee County,1890,402.6550251,19111
Wapello County,1890,396.7962123,19179
Woodbury County,1890,345.5100714,19193
Linn County,1890,344.1688881,19113
Clinton County,1890,321.2172297,19045
Muscatine County,1890,305.9093353,19139
Mahaska County,1890,282.8244633,19123
Pottawattamie County,1890,278.5833787,19155
Marshall County,1890,248.5048333,19127
Henry County,1890,246.3972744,19087
Keokuk County,1890,231.6995011,19107
Black Hawk County,1890,229.9485207,19013
Page County,1890,228.5652853,19145
Boone County,1890,228.47741,19015
Marion County,1890,227.7175706,19125
Union County,1890,225.5964267,19175
Montgomery County,1890,211.9727277,19137
Appanoose County,1890,210.6747299,19007
Johnson County,1890,206.5452901,19103
Jefferson County,1890,197.581205,19101
Cass County,1890,195.8384453,19029
Dallas County,1890,192.913744,19049
Jones County,1890,192.802074,19105
Jackson County,1890,192.4326695,19097
Lucas County,1890,190.5885508,19117
Van Buren County,1890,189.8118223,19177
Jasper County,1890,189.7212252,19099
Mills County,1890,187.7958781,19129
Fremont County,1890,186.9360204,19071
Benton County,1890,185.2294179,19011
Washington County,1890,182.3091202,19183
Carroll County,1890,182.060587,19027
Hardin County,1890,181.7805777,19083
Clayton County,1890,180.6964804,19043
Buchanan County,1890,180.2235111,19019
Warren County,1890,179.636127,19181
Bremer County,1890,179.3213781,19017
Monroe County,1890,178.9912884,19135
Taylor County,1890,175.7517321,19173
Poweshiek County,1890,174.8094167,19157
Cedar County,1890,174.356082,19031
Story County,1890,174.183494,19169
Iowa County,1890,173.329287,19095
Davis County,1890,173.3191327,19051
Winneshiek County,1890,172.9292363,19191
Wayne County,1890,170.4531812,19185
Harrison County,1890,170.0070562,19085
Fayette County,1890,169.9150577,19065
Decatur County,1890,168.1024483,19053
Shelby County,1890,165.9930712,19165
Tama County,1890,165.0903251,19171
Adams County,1890,164.2520685,19003
Floyd County,1890,164.1059407,19067
Webster County,1890,163.5047417,19187
Guthrie County,1890,163.3414203,19077
Delaware County,1890,162.9291019,19055
Louisa County,1890,160.7745981,19115
Madison County,1890,160.1204706,19121
Chickasaw County,1890,158.408712,19037
Audubon County,1890,155.9830179,19009
Greene County,1890,152.4361951,19073
Mitchell County,1890,149.6180866,19131
Clarke County,1890,149.2519738,19039
Cherokee County,1890,146.3341701,19035
Crawford County,1890,145.6416235,19047
Hamilton County,1890,144.6415362,19079
Ringgold County,1890,144.3466572,19159
Allamakee County,1890,143.8666172,19005
Adair County,1890,143.5876442,19001
Grundy County,1890,143.5010111,19075
Butler County,1890,143.2848895,19023
Cerro Gordo County,1890,137.856191,19033
Sac County,1890,136.9029059,19161
Ida County,1890,135.1321835,19093
Sioux County,1890,127.3923222,19167
Buena Vista County,1890,125.8781159,19021
Calhoun County,1890,124.9037241,19025
Howard County,1890,124.7268483,19089
Plymouth County,1890,122.0963029,19149
Humboldt County,1890,121.5777197,19091
Worth County,1890,121.5100921,19195
O'Brien County,1890,121.5058605,19141
Franklin County,1890,119.1638187,19069
Monona County,1890,114.4660086,19133
Wright County,1890,111.7164533,19197
Winnebago County,1890,96.34017088,19189
Pocahontas County,1890,89.00918557,19151
Palo Alto County,1890,87.24945642,19147
Clay County,1890,86.68438655,19041
Lyon County,1890,77.97340381,19119
Osceola County,1890,73.71563286,19143
Kossuth County,1890,71.51082492,19109
Hancock County,1890,70.90146876,19081
Dickinson County,1890,56.59291619,19059
Emmet County,1890,56.06685286,19063
Scott County,1880,491.67139,19163
Des Moines County,1880,439.3897795,19057
Polk County,1880,399.1146625,19153
Dubuque County,1880,379.1426464,19061
Lee County,1880,372.1636357,19111
Wapello County,1880,329.7506155,19179
Muscatine County,1880,289.2556031,19139
Clinton County,1880,286.6309623,19045
Linn County,1880,282.8911306,19113
Henry County,1880,273.6646309,19087
Marion County,1880,247.9927103,19125
Mahaska County,1880,247.4480862,19123
Pottawattamie County,1880,234.0617255,19155
Marshall County,1880,228.4067333,19127
Johnson County,1880,227.5470142,19103
Jefferson County,1880,227.314678,19101
Black Hawk County,1880,227.0431882,19013
Montgomery County,1880,212.6013697,19137
Page County,1880,210.6364962,19145
Keokuk County,1880,206.4147178,19107
Washington County,1880,201.1244322,19183
Jackson County,1880,200.8834477,19097
Jones County,1880,200.6063986,19105
Boone County,1880,200.2781537,19015
Union County,1880,199.9665368,19175
Van Buren County,1880,199.0378938,19177
Jasper County,1880,197.4795401,19099
Fremont County,1880,195.9265308,19071
Clayton County,1880,194.8639821,19043
Warren County,1880,192.5073126,19181
Benton County,1880,190.6687796,19011
Lucas County,1880,190.156674,19117
Davis County,1880,187.0638012,19051
Appanoose County,1880,184.8417703,19007
Winneshiek County,1880,183.752666,19191
Mills County,1880,182.4903993,19129
Iowa County,1880,182.3515176,19095
Cedar County,1880,180.8802262,19031
Poweshiek County,1880,179.9603738,19157
Monroe County,1880,179.6854593,19135
Louisa County,1880,177.9583735,19115
Dallas County,1880,176.5887517,19049
Buchanan County,1880,175.9448985,19019
Wayne County,1880,175.4242791,19185
Madison County,1880,172.6178248,19121
Bremer County,1880,172.59223,19017
Hardin County,1880,170.3397751,19083
Cass County,1880,168.9025593,19029
Delaware County,1880,168.5732537,19055
Taylor County,1880,167.7171833,19173
Decatur County,1880,164.8033719,19053
Tama County,1880,164.5870707,19171
Fayette County,1880,163.4315438,19065
Story County,1880,162.4508274,19169
Mitchell County,1880,161.5884335,19131
Allamakee County,1880,159.0028604,19005
Adams County,1880,158.8536113,19003
Floyd County,1880,156.1581232,19067
Chickasaw County,1880,153.2933099,19037
Clarke County,1880,151.635896,19039
Grundy County,1880,137.2462564,19075
Guthrie County,1880,135.2782741,19077
Harrison County,1880,132.5364057,19085
Butler County,1880,132.4433115,19023
Ringgold County,1880,128.6831921,19159
Greene County,1880,122.8116386,19073
Howard County,1880,120.8786313,19089
Webster County,1880,120.8444136,19187
Shelby County,1880,119.6665739,19165
Carroll County,1880,119.4301206,19027
Adair County,1880,115.2633167,19001
Cerro Gordo County,1880,106.2950623,19033
Hamilton County,1880,106.2410448,19079
Worth County,1880,104.5063007,19195
Crawford County,1880,95.68378705,19047
Franklin County,1880,94.88850731,19069
Audubon County,1880,93.59986441,19009
Woodbury County,1880,93.13468923,19193
Sac County,1880,82.71492196,19161
Cherokee County,1880,77.00322891,19035
Monona County,1880,71.40817832,19133
Buena Vista County,1880,70.02829639,19021
Humboldt County,1880,66.01734457,19091
Winnebago County,1880,64.66957273,19189
Ida County,1880,55.31520113,19093
Plymouth County,1880,53.44833047,19149
Calhoun County,1880,53.31779481,19025
Wright County,1880,46.90293494,19197
Clay County,1880,39.55690988,19041
Palo Alto County,1880,38.68077961,19147
O'Brien County,1880,38.65672666,19141
Sioux County,1880,37.62823843,19167
Pocahontas County,1880,34.59553083,19151
Kossuth County,1880,33.67331375,19109
Hancock County,1880,32.12475681,19081
Osceola County,1880,29.34606913,19143
Dickinson County,1880,24.85747081,19059
Emmet County,1880,20.3330889,19063
Lyon County,1880,17.67876252,19119
Scott County,1870,459.8949252,19163
Lee County,1870,397.2635154,19111
Des Moines County,1870,361.8238566,19057
Dubuque County,1870,343.6321934,19061
Wapello County,1870,291.4220785,19179
Henry County,1870,279.8848744,19087
Clinton County,1870,275.6687684,19045
Muscatine County,1870,270.7542305,19139
Polk County,1870,262.2511417,19153
Marion County,1870,241.3265051,19125
Linn County,1870,236.1161301,19113
Jefferson County,1870,232.1292885,19101
Johnson County,1870,222.7954525,19103
Mahaska County,1870,220.9968068,19123
Van Buren County,1870,206.3837153,19177
Black Hawk County,1870,206.0887151,19013
Jackson County,1870,191.1481512,19097
Keokuk County,1870,188.7037174,19107
Cedar County,1870,188.4742154,19031
Jones County,1870,188.018471,19105
Clayton County,1870,187.7126382,19043
Washington County,1870,187.0869854,19183
Appanoose County,1870,182.8417992,19007
Winneshiek County,1870,180.9278276,19191
Davis County,1870,176.8064164,19051
Warren County,1870,176.7944367,19181
Louisa County,1870,174.369957,19115
Benton County,1870,172.0217284,19011
Marshall County,1870,169.0163668,19127
Jasper County,1870,168.2185229,19099
Monroe County,1870,166.6533846,19135
Delaware County,1870,163.7085771,19055
Buchanan County,1870,161.6006363,19019
Iowa County,1870,157.9032651,19095
Bremer County,1870,153.5569532,19017
Poweshiek County,1870,148.0757596,19157
Allamakee County,1870,143.5532874,19005
Boone County,1870,140.1697185,19015
Madison County,1870,139.1445587,19121
Lucas County,1870,135.9495891,19117
Hardin County,1870,130.8996171,19083
Decatur County,1870,129.1475563,19053
Fayette County,1870,124.625914,19065
Fremont County,1870,124.0246463,19071
Tama County,1870,122.9999554,19171
Wayne County,1870,122.7763278,19185
Clarke County,1870,115.0472989,19039
Floyd County,1870,114.5677366,19067
Dallas County,1870,113.2198979,19049
Mills County,1870,112.5381128,19129
Story County,1870,111.9551988,19169
Mitchell County,1870,107.8006245,19131
Chickasaw County,1870,107.3707097,19037
Page County,1870,106.8337342,19145
Pottawattamie County,1870,99.22220148,19155
Butler County,1870,92.20901091,19023
Union County,1870,79.90652131,19175
Webster County,1870,79.42654583,19187
Montgomery County,1870,79.36939463,19137
Taylor County,1870,74.97124363,19173
Harrison County,1870,71.09632043,19085
Howard County,1870,70.07101242,19089
Grundy County,1870,69.48641467,19075
Guthrie County,1870,66.36097633,19077
Adams County,1870,61.65465701,19003
Ringgold County,1870,60.59876263,19159
Hamilton County,1870,57.17112746,19079
Cass County,1870,54.46990404,19029
Greene County,1870,44.64912797,19073
Franklin County,1870,43.86591352,19069
Cerro Gordo County,1870,43.79419632,19033
Adair County,1870,39.33989262,19001
Woodbury County,1870,38.33204201,19193
Worth County,1870,38.00229117,19195
Humboldt County,1870,32.08781623,19091
Monona County,1870,28.81562491,19133
Shelby County,1870,23.9408552,19165
Carroll County,1870,23.70036641,19027
Wright County,1870,22.16353622,19197
Winnebago County,1870,20.54380163,19189
Crawford County,1870,19.50213335,19047
Cherokee County,1870,18.38171739,19035
Kossuth County,1870,18.26469316,19109
Emmet County,1870,18.26042564,19063
Dickinson County,1870,18.16256021,19059
Calhoun County,1870,15.26632838,19025
Audubon County,1870,15.23134206,19009
Buena Vista County,1870,14.72666177,19021
Clay County,1870,14.18200889,19041
Plymouth County,1870,13.72085906,19149
Pocahontas County,1870,13.47296999,19151
Sac County,1870,13.30188681,19161
Palo Alto County,1870,12.50968811,19147
Hancock County,1870,9.294130337,19081
O'Brien County,1870,6.652120232,19141
Sioux County,1870,3.994446247,19167
Ida County,1870,2.85286067,19093
Lyon County,1870,1.985267539,19119
Osceola County,1870,0,19143
Lee County,1860,312.0883387,19111
Scott County,1860,309.2933072,19163
Dubuque County,1860,274.8069921,19061
Des Moines County,1860,260.3363535,19057
Henry County,1860,243.867448,19087
Muscatine County,1860,205.287835,19139
Van Buren County,1860,199.4816795,19177
Jefferson County,1860,195.6813857,19101
Wapello County,1860,189.3343657,19179
Marion County,1860,166.0428274,19125
Johnson County,1860,157.2489552,19103
Davis County,1860,156.348443,19051
Jackson County,1860,156.2802405,19097
Clinton County,1860,147.654358,19045
Mahaska County,1860,145.4722183,19123
Linn County,1860,143.9411943,19113
Washington County,1860,140.5225431,19183
Louisa County,1860,140.4221833,19115
Clayton County,1860,140.1068584,19043
Appanoose County,1860,132.5647488,19007
Keokuk County,1860,128.8611214,19107
Jones County,1860,126.794069,19105
Cedar County,1860,123.6912784,19031
Monroe County,1860,112.7962078,19135
Polk County,1860,109.43998,19153
Winneshiek County,1860,107.0214583,19191
Delaware County,1860,103.5293342,19055
Warren County,1860,101.0914129,19181
Allamakee County,1860,98.31327387,19005
Decatur County,1860,93.24457866,19053
Fayette County,1860,88.64718431,19065
Black Hawk County,1860,78.27307505,19013
Iowa County,1860,76.17191273,19095
Lucas County,1860,75.46065948,19117
Jasper County,1860,75.17198687,19099
Buchanan County,1860,75.00379423,19019
Madison County,1860,73.55098792,19121
Clarke County,1860,71.47815581,19039
Wayne County,1860,69.71502478,19185
Benton County,1860,65.08847441,19011
Bremer County,1860,60.24364822,19017
Mills County,1860,57.84391875,19129
Marshall County,1860,57.84213964,19127
Fremont County,1860,56.31833319,19071
Poweshiek County,1860,53.86646592,19157
Hardin County,1860,52.03843301,19083
Dallas County,1860,49.3988805,19049
Page County,1860,47.3281475,19145
Chickasaw County,1860,45.73275021,19037
Boone County,1860,40.67459192,19015
Tama County,1860,40.29847897,19171
Floyd County,1860,39.83484453,19067
Story County,1860,38.92631622,19169
Taylor County,1860,38.5100536,19173
Mitchell County,1860,38.35236161,19131
Howard County,1860,35.33667102,19089
Butler County,1860,34.50772351,19023
Ringgold County,1860,31.12461486,19159
Pottawattamie County,1860,29.1798909,19155
Harrison County,1860,28.82541443,19085
Guthrie County,1860,28.73981952,19077
Union County,1860,26.85798879,19175
Adams County,1860,20.48473975,19003
Webster County,1860,18.97024712,19187
Montgomery County,1860,16.79945393,19137
Cass County,1860,16.06981796,19029
Hamilton County,1860,16.04190678,19079
Greene County,1860,13.25867773,19073
Franklin County,1860,12.11913904,19069
Worth County,1860,9.934208895,19195
Adair County,1860,9.721359704,19001
Cerro Gordo County,1860,8.718031457,19033
Grundy County,1860,8.611146559,19075
Shelby County,1860,7.710086438,19165
Woodbury County,1860,6.94970107,19193
Monona County,1860,6.561193193,19133
Wright County,1860,6.050497138,19197
Audubon County,1860,5.705469716,19009
Humboldt County,1860,4.103680658,19091
Crawford County,1860,2.952299238,19047
Carroll County,1860,2.717177871,19027
Dickinson County,1860,2.353679509,19059
Sac County,1860,2.319109962,19161
Kossuth County,1860,2.2674164,19109
Winnebago County,1860,2.209576616,19189
Hancock County,1860,1.665314645,19081
Calhoun County,1860,1.400842866,19025
Emmet County,1860,1.377402796,19063
Palo Alto County,1860,1.235987148,19147
Pocahontas County,1860,0.959692883,19151
Plymouth County,1860,0.923459364,19149
Ida County,1860,0.542800924,19093
Cherokee County,1860,0.542013019,19035
Buena Vista County,1860,0.529602348,19021
Clay County,1860,0.484218294,19041
O'Brien County,1860,0.074429317,19141
Sioux County,1860,0.069348025,19167
Lyon County,1860,0,19119
Osceola County,1860,0,19143
Lee County,1850,201.3648795,19111
Des Moines County,1850,172.4159176,19057
Van Buren County,1850,143.2960721,19177
Jefferson County,1850,128.8754119,19101
Henry County,1850,113.5422635,19087
Wapello County,1850,110.4733029,19179
Dubuque County,1850,95.59692597,19061
Davis County,1850,82.51344739,19051
Muscatine County,1850,71.54613126,19139
Scott County,1850,71.32130424,19163
Louisa County,1850,66.87995789,19115
Jackson County,1850,60.93011054,19097
Mahaska County,1850,58.803531,19123
Marion County,1850,54.13946231,19125
Washington County,1850,48.93363162,19183
Keokuk County,1850,46.82151515,19107
Pottawattamie County,1850,45.9782983,19155
Polk County,1850,42.48624771,19153
Linn County,1850,41.35830799,19113
Johnson County,1850,40.01691957,19103
Monroe County,1850,37.77337011,19135
Cedar County,1850,37.6451717,19031
Appanoose County,1850,34.78838559,19007
Jones County,1850,28.65397305,19105
Clayton County,1850,26.17878534,19043
Clinton County,1850,22.00235497,19045
Delaware County,1850,16.51923974,19055
Fremont County,1850,13.80764811,19071
Madison County,1850,11.81586248,19121
Decatur County,1850,10.3700609,19053
Jasper County,1850,9.735924638,19099
Warren County,1850,9.449357823,19181
Dallas County,1850,8.044745222,19049
Iowa County,1850,7.798394852,19095
Boone County,1850,7.064230875,19015
Allamakee County,1850,6.242495203,19005
Lucas County,1850,6.164060113,19117
Fayette County,1850,6.057643258,19065
Page County,1850,5.901291982,19145
Poweshiek County,1850,5.844720631,19157
Benton County,1850,5.148240914,19011
Buchanan County,1850,4.904751027,19019
Winneshiek County,1850,4.191200419,19191
Wayne County,1850,3.698409803,19185
Marshall County,1850,3.250314746,19127
Taylor County,1850,2.188315024,19173
Black Hawk County,1850,1.281764329,19013
Clarke County,1850,1.040496464,19039
Tama County,1850,0.061000536,19171
Adair County,1850,0,19001
Cherokee County,1850,0,19035
Sac County,1850,0,19161
Ringgold County,1850,0,19159
Chickasaw County,1850,0,19037
Clay County,1850,0,19041
Pocahontas County,1850,0,19151
Plymouth County,1850,0,19149
Crawford County,1850,0,19047
Palo Alto County,1850,0,19147
Cerro Gordo County,1850,0,19033
Shelby County,1850,0,19165
Bremer County,1850,0,19017
Buena Vista County,1850,0,19021
Union County,1850,0,19175
Butler County,1850,0,19023
Calhoun County,1850,0,19025
Carroll County,1850,0,19027
Story County,1850,0,19169
Cass County,1850,0,19029
Sioux County,1850,0,19167
Osceola County,1850,0,19143
Webster County,1850,0,19187
Guthrie County,1850,0,19077
Hamilton County,1850,0,19079
Hancock County,1850,0,19081
Kossuth County,1850,0,19109
Hardin County,1850,0,19083
Harrison County,1850,0,19085
Howard County,1850,0,19089
Humboldt County,1850,0,19091
Ida County,1850,0,19093
Grundy County,1850,0,19075
Greene County,1850,0,19073
Montgomery County,1850,0,19137
Dickinson County,1850,0,19059
Monona County,1850,0,19133
Mitchell County,1850,0,19131
Emmet County,1850,0,19063
Mills County,1850,0,19129
Floyd County,1850,0,19067
Franklin County,1850,0,19069
Lyon County,1850,0,19119
O'Brien County,1850,0,19141
Woodbury County,1850,0,19193
Audubon County,1850,0,19009
Wright County,1850,0,19197
Adams County,1850,0,19003
Worth County,1850,0,19195
Winnebago County,1850,0,19189